"seed","n","p","q","arm","ok","healthy","beta_rmse","sigma_rel_frob","frob_Shat","sigma_collapse","sigma_runaway","phi_mean","max_g_fe","max_abs_loading","secs","pass_abs","err"
11401,120,8,2,"gtmb_va",TRUE,FALSE,0.0928088661934439,0.826808279318887,1.04467997855871,FALSE,FALSE,5.77464440714731,1.79965600337617e-05,NA,2.021,FALSE,"status=failed_health_gate"
11401,120,8,2,"gtmb_la",TRUE,TRUE,0.0919363662953563,0.725225025847559,0.916809165649847,FALSE,FALSE,5.56762801549658,0.000151311098160412,0.507895490727889,0.366999999999997,FALSE,NA
11401,120,8,2,"gllvm_la",TRUE,TRUE,0.0740296580657223,0.860316078519621,0.34021914661449,FALSE,FALSE,5.60915059861309,NA,0.369002690899317,6.195,FALSE,NA
11401,120,8,2,"gllvm_va",FALSE,FALSE,NA,NA,NA,NA,NA,NA,NA,NA,0.000999999999997669,FALSE,"N/A: Family(families):  beta  not implemented with method ' VA ."
11402,120,8,2,"gtmb_va",TRUE,FALSE,0.113565768189828,0.331271921772256,2.18316918446801,FALSE,FALSE,5.54610155360132,4.51410105762884e-05,NA,1.806,TRUE,"status=failed_health_gate"
11402,120,8,2,"gtmb_la",TRUE,TRUE,0.1134696567809,0.307144835971779,2.11418315888155,FALSE,FALSE,5.5204014509005,0.00027466927837605,0.787011855794686,0.358000000000004,TRUE,NA
11402,120,8,2,"gllvm_la",TRUE,TRUE,0.110137367202612,0.664555940485409,0.749966812622106,FALSE,FALSE,5.32861122183581,NA,0.495111097836986,8.815,FALSE,NA
11402,120,8,2,"gllvm_va",FALSE,FALSE,NA,NA,NA,NA,NA,NA,NA,NA,0,FALSE,"N/A: Family(families):  beta  not implemented with method ' VA ."
11403,120,8,2,"gtmb_va",TRUE,FALSE,0.0609428494919358,0.77276235169175,1.83983591610043,FALSE,FALSE,5.3650148290854,7.34591376498062e-05,NA,1.842,FALSE,"status=failed_health_gate"
11403,120,8,2,"gtmb_la",TRUE,TRUE,0.0612885925659399,0.688936395827873,1.74964722552411,FALSE,FALSE,5.27985320939889,0.000204105193159054,0.759226770583067,0.377999999999993,FALSE,NA
11403,120,8,2,"gllvm_la",TRUE,TRUE,0.0544935967542627,0.707808221507638,0.576372446598711,FALSE,FALSE,4.91694625604338,NA,0.422969723557909,5.327,FALSE,NA
11403,120,8,2,"gllvm_va",FALSE,FALSE,NA,NA,NA,NA,NA,NA,NA,NA,0,FALSE,"N/A: Family(families):  beta  not implemented with method ' VA ."
11404,120,8,2,"gtmb_va",TRUE,FALSE,0.0881506833143371,0.578970038242034,1.37717504525323,FALSE,FALSE,5.53240305144055,1.45713025623273e-05,NA,1.84,FALSE,"status=failed_health_gate"
11404,120,8,2,"gtmb_la",TRUE,TRUE,0.0892207919028974,0.487742581892749,1.23116545944048,FALSE,FALSE,5.26475504336899,0.000187686941732879,0.626359116384894,0.393000000000001,TRUE,NA
11404,120,8,2,"gllvm_la",TRUE,TRUE,0.0596611195238334,0.701457980178563,0.412234580841949,FALSE,FALSE,4.70540039067178,NA,0.344326538173776,1.011,FALSE,NA
11404,120,8,2,"gllvm_va",FALSE,FALSE,NA,NA,NA,NA,NA,NA,NA,NA,0.000999999999997669,FALSE,"N/A: Family(families):  beta  not implemented with method ' VA ."
11405,120,8,2,"gtmb_va",TRUE,FALSE,0.122661894790405,0.767616706445267,1.40294192500614,FALSE,FALSE,5.67240082831717,2.48981176333568e-05,NA,2.068,FALSE,"status=failed_health_gate"
11405,120,8,2,"gtmb_la",TRUE,TRUE,0.123179863726896,0.626778137070392,1.26262766980478,FALSE,FALSE,5.28033903957687,0.000182797977228311,0.6465422217505,0.506,FALSE,NA
11405,120,8,2,"gllvm_la",TRUE,TRUE,0.0904132095809425,0.708185424048519,0.487515249741665,FALSE,FALSE,5.36404904056882,NA,0.390375570058091,1.812,FALSE,NA
11405,120,8,2,"gllvm_va",FALSE,FALSE,NA,NA,NA,NA,NA,NA,NA,NA,0,FALSE,"N/A: Family(families):  beta  not implemented with method ' VA ."
11406,120,8,2,"gtmb_va",TRUE,FALSE,0.122135994580131,0.483075171778794,1.23784901990434,FALSE,FALSE,5.47286009234075,6.81524656678256e-05,NA,1.867,TRUE,"status=failed_health_gate"
11406,120,8,2,"gtmb_la",TRUE,TRUE,0.121915994844217,0.464865316333516,1.16343634233378,FALSE,FALSE,5.39652002808564,0.0002569232096159,0.51343502103948,0.351999999999997,TRUE,NA
11406,120,8,2,"gllvm_la",TRUE,TRUE,0.105642804878535,0.738056060992606,0.604130152393333,FALSE,FALSE,510643.549657868,NA,0.533572241795816,5.039,FALSE,NA
11406,120,8,2,"gllvm_va",FALSE,FALSE,NA,NA,NA,NA,NA,NA,NA,NA,0.000999999999997669,FALSE,"N/A: Family(families):  beta  not implemented with method ' VA ."
11407,120,8,2,"gtmb_va",TRUE,FALSE,0.0705046140516855,0.620586739740111,1.75954752520608,FALSE,FALSE,6.05990496980003,6.47749248212648e-05,NA,1.938,FALSE,"status=failed_health_gate"
11407,120,8,2,"gtmb_la",TRUE,TRUE,0.0707401338625723,0.570177928234181,1.665700635904,FALSE,FALSE,5.98393108642486,0.000264462610096744,0.912668341433173,0.389999999999993,FALSE,NA
11407,120,8,2,"gllvm_la",TRUE,TRUE,0.0641889639989125,0.776921192740771,0.592199902569192,FALSE,FALSE,5.89522121108355,NA,0.585476489702956,3.594,FALSE,NA
11407,120,8,2,"gllvm_va",FALSE,FALSE,NA,NA,NA,NA,NA,NA,NA,NA,0,FALSE,"N/A: Family(families):  beta  not implemented with method ' VA ."
11408,120,8,2,"gtmb_va",TRUE,FALSE,0.135293308916938,0.823667408774909,1.86744799007863,FALSE,FALSE,12819.7256559466,0.0477025022241174,NA,13.826,FALSE,"status=failed_health_gate"
11408,120,8,2,"gtmb_la",TRUE,TRUE,0.130291974914865,0.362658283473796,1.32998132287205,FALSE,FALSE,5.7331821697367,0.000467429027620425,0.635666281164935,0.408999999999999,TRUE,NA
11408,120,8,2,"gllvm_la",TRUE,TRUE,0.0817559471421533,0.685262323157635,0.667776606630645,FALSE,FALSE,4841705.04077901,NA,0.669921270745926,3.69600000000001,FALSE,NA
11408,120,8,2,"gllvm_va",FALSE,FALSE,NA,NA,NA,NA,NA,NA,NA,NA,0,FALSE,"N/A: Family(families):  beta  not implemented with method ' VA ."
11409,120,8,2,"gtmb_va",TRUE,FALSE,0.0669965243814037,1.58388942910237,2.20038282717929,FALSE,TRUE,7650.65500932223,0.357237392241596,NA,42.991,FALSE,"status=failed_health_gate"
11409,120,8,2,"gtmb_la",TRUE,TRUE,0.0617012472629653,0.453227935793667,0.887415155525741,FALSE,FALSE,5.07367890246097,0.000213838112875897,0.538946889623676,0.361000000000004,TRUE,NA
11409,120,8,2,"gllvm_la",TRUE,TRUE,0.0710518514599971,0.711158405465743,0.350495420270913,FALSE,FALSE,5.10471496001097,NA,0.332928315047511,1.58199999999999,FALSE,NA
11409,120,8,2,"gllvm_va",FALSE,FALSE,NA,NA,NA,NA,NA,NA,NA,NA,0.00100000000000477,FALSE,"N/A: Family(families):  beta  not implemented with method ' VA ."
11410,120,8,2,"gtmb_va",TRUE,FALSE,0.0855389280179096,0.488897048762804,1.95255196184054,FALSE,FALSE,5.52900288363838,9.11223805511487e-05,NA,1.926,TRUE,"status=failed_health_gate"
11410,120,8,2,"gtmb_la",TRUE,TRUE,0.0859479972967831,0.458313529639985,1.85403531454113,FALSE,FALSE,5.47978282417937,0.000102070479587046,0.756553469209085,0.414999999999999,TRUE,NA
11410,120,8,2,"gllvm_la",TRUE,TRUE,0.0852170576938413,0.654274783757475,0.70129683706968,FALSE,FALSE,5.47373959741921,NA,0.468931125311518,1.63,FALSE,NA
11410,120,8,2,"gllvm_va",FALSE,FALSE,NA,NA,NA,NA,NA,NA,NA,NA,0,FALSE,"N/A: Family(families):  beta  not implemented with method ' VA ."
11411,120,8,2,"gtmb_va",TRUE,FALSE,0.0843266245148186,0.676136077618968,1.4441962059268,FALSE,FALSE,5.83060007870997,3.05510759142091e-05,NA,2.218,FALSE,"status=failed_health_gate"
11411,120,8,2,"gtmb_la",TRUE,TRUE,0.0845074103293356,0.603094209899858,1.35121310685295,FALSE,FALSE,5.69340894619238,0.000252946216454719,0.625392201076388,0.390000000000001,FALSE,NA
11411,120,8,2,"gllvm_la",TRUE,TRUE,0.0928186203794606,0.695374216843849,0.51814604631369,FALSE,FALSE,5.69262824611282,NA,0.384144812546656,1.726,FALSE,NA
11411,120,8,2,"gllvm_va",FALSE,FALSE,NA,NA,NA,NA,NA,NA,NA,NA,0.000999999999997669,FALSE,"N/A: Family(families):  beta  not implemented with method ' VA ."
11412,120,8,2,"gtmb_va",TRUE,FALSE,0.0464693322592572,0.529488935322988,1.42905024175663,FALSE,FALSE,5.57115852597702,7.13715821762384e-05,NA,1.988,FALSE,"status=failed_health_gate"
11412,120,8,2,"gtmb_la",TRUE,TRUE,0.0470994934842328,0.448182268479169,1.20308315395037,FALSE,FALSE,5.32017499982086,0.000210602875802157,0.573470293759978,0.393000000000001,TRUE,NA
11412,120,8,2,"gllvm_la",TRUE,TRUE,0.0749023936588261,0.810736726108299,0.508674693960836,FALSE,FALSE,3471727319596780,NA,0.528353507007875,4.051,FALSE,NA
11412,120,8,2,"gllvm_va",FALSE,FALSE,NA,NA,NA,NA,NA,NA,NA,NA,0,FALSE,"N/A: Family(families):  beta  not implemented with method ' VA ."
11401,400,8,2,"gtmb_va",TRUE,FALSE,0.0354142172818337,0.306612064220688,0.867831351237395,FALSE,FALSE,4.97590805993197,0.000157225856222437,NA,10.153,TRUE,"status=failed_health_gate"
11401,400,8,2,"gtmb_la",TRUE,TRUE,0.0356701257698799,0.382694965950557,0.735539898146791,FALSE,FALSE,4.86796833501585,0.000425529895350107,0.51253016770088,0.966000000000001,TRUE,NA
11401,400,8,2,"gllvm_la",TRUE,TRUE,0.0582060412752426,0.694058818123467,0.631771790965508,FALSE,FALSE,1826204.4129281,NA,0.749289087778591,10.109,FALSE,NA
11401,400,8,2,"gllvm_va",FALSE,FALSE,NA,NA,NA,NA,NA,NA,NA,NA,0,FALSE,"N/A: Family(families):  beta  not implemented with method ' VA ."
11402,400,8,2,"gtmb_va",TRUE,FALSE,0.0631880774844573,0.295687976668924,2.19331372137742,FALSE,FALSE,5.35353650440066,0.000156114107132677,NA,11.067,TRUE,"status=failed_health_gate"
11402,400,8,2,"gtmb_la",TRUE,TRUE,0.062676001675781,0.209431914880281,2.05154322268855,FALSE,FALSE,5.21955135593641,0.000407239622395306,0.844558952291472,1.169,TRUE,NA
11402,400,8,2,"gllvm_la",TRUE,TRUE,0.0682489022374325,0.628984880824098,0.952915167952445,FALSE,FALSE,4112737.18510111,NA,0.762749075159861,10.709,FALSE,NA
11402,400,8,2,"gllvm_va",FALSE,FALSE,NA,NA,NA,NA,NA,NA,NA,NA,0,FALSE,"N/A: Family(families):  beta  not implemented with method ' VA ."
11403,400,8,2,"gtmb_va",TRUE,FALSE,0.0284490457460155,0.26497817165236,1.44778340209614,FALSE,FALSE,5.07903351712952,0.000129198026158073,NA,9.864,TRUE,"status=failed_health_gate"
11403,400,8,2,"gtmb_la",TRUE,TRUE,0.0278027181581888,0.211848919330576,1.3451726592811,FALSE,FALSE,5.01256465353203,0.000201247527842341,0.69833143974584,0.966999999999999,TRUE,NA
11403,400,8,2,"gllvm_la",TRUE,TRUE,0.0638780161374214,0.67293217785156,0.729907083406171,FALSE,FALSE,5015213.39663083,NA,0.603015463176917,30.231,FALSE,NA
11403,400,8,2,"gllvm_va",FALSE,FALSE,NA,NA,NA,NA,NA,NA,NA,NA,0.00100000000000477,FALSE,"N/A: Family(families):  beta  not implemented with method ' VA ."
11404,400,8,2,"gtmb_va",TRUE,FALSE,0.0328293878779398,0.243633048209208,1.35970202331111,FALSE,FALSE,5.26838289650986,8.86332653435573e-05,NA,14.206,TRUE,"status=failed_health_gate"
11404,400,8,2,"gtmb_la",TRUE,TRUE,0.0317434258950594,0.20706962948568,1.17211584530606,FALSE,FALSE,5.04741892235362,0.000261352769582335,0.520758607762606,1.319,TRUE,NA
11404,400,8,2,"gllvm_la",TRUE,TRUE,0.0624287453985692,0.608564013638244,0.729867766542501,FALSE,FALSE,67.642372247106,NA,0.750398781280145,6.956,FALSE,NA
11404,400,8,2,"gllvm_va",FALSE,FALSE,NA,NA,NA,NA,NA,NA,NA,NA,0,FALSE,"N/A: Family(families):  beta  not implemented with method ' VA ."
11405,400,8,2,"gtmb_va",TRUE,FALSE,0.0489045370519114,0.211782674345943,1.16986174109593,FALSE,FALSE,4.89292903456793,7.94235630924289e-05,NA,11.523,TRUE,"status=failed_health_gate"
11405,400,8,2,"gtmb_la",TRUE,TRUE,0.0494805157535115,0.374472103302071,0.990879707379636,FALSE,FALSE,4.82821657645633,0.000579542741321964,0.517483937517633,2.48,TRUE,NA
11405,400,8,2,"gllvm_la",TRUE,TRUE,0.0736470421951309,0.661952256425385,0.714739956454019,FALSE,FALSE,663844.209069852,NA,0.761675794525352,11.961,FALSE,NA
11405,400,8,2,"gllvm_va",FALSE,FALSE,NA,NA,NA,NA,NA,NA,NA,NA,0.00100000000000477,FALSE,"N/A: Family(families):  beta  not implemented with method ' VA ."
11406,400,8,2,"gtmb_va",TRUE,FALSE,0.0384450645136267,0.275222641565052,1.300718909991,FALSE,FALSE,5.4392440932803,0.000168394956077789,NA,10.195,TRUE,"status=failed_health_gate"
11406,400,8,2,"gtmb_la",TRUE,TRUE,0.0384862718421827,0.258250328101665,1.21799263137824,FALSE,FALSE,5.38499685265472,0.000487493748030143,0.581934105441273,1.267,TRUE,NA
11406,400,8,2,"gllvm_la",TRUE,TRUE,0.0632988286638456,0.62152008960191,0.471435884214546,FALSE,FALSE,5.39727229824276,NA,0.361976077323923,8.42,FALSE,NA
11406,400,8,2,"gllvm_va",FALSE,FALSE,NA,NA,NA,NA,NA,NA,NA,NA,0,FALSE,"N/A: Family(families):  beta  not implemented with method ' VA ."
11407,400,8,2,"gtmb_va",TRUE,FALSE,0.0524072534681119,0.35508109460869,1.21300857880908,FALSE,FALSE,4.90515380576709,6.09545807128686e-05,NA,9.769,TRUE,"status=failed_health_gate"
11407,400,8,2,"gtmb_la",TRUE,TRUE,0.052797544118564,0.384274375056285,1.12340403289935,FALSE,FALSE,4.86296839999868,0.000359047981989713,0.496169739677775,1.062,TRUE,NA
11407,400,8,2,"gllvm_la",TRUE,TRUE,0.0661481931366696,0.90488979462283,0.621724183753664,FALSE,FALSE,4782738.86585823,NA,0.748519750597958,6.761,FALSE,NA
11407,400,8,2,"gllvm_va",FALSE,FALSE,NA,NA,NA,NA,NA,NA,NA,NA,0,FALSE,"N/A: Family(families):  beta  not implemented with method ' VA ."
11408,400,8,2,"gtmb_va",TRUE,FALSE,0.0535690112981357,0.239124953564913,1.19878301799805,FALSE,FALSE,5.1988803175631,7.91774445123294e-05,NA,10.027,TRUE,"status=failed_health_gate"
11408,400,8,2,"gtmb_la",TRUE,TRUE,0.0533719070829944,0.264336014369135,1.12169176992865,FALSE,FALSE,5.13570299149637,0.000513629481621702,0.55945092036908,0.878,TRUE,NA
11408,400,8,2,"gllvm_la",TRUE,TRUE,0.0595497252005514,0.696095694948327,0.436258463590623,FALSE,FALSE,5.1483120280522,NA,0.349227590587765,6.28100000000001,FALSE,NA
11408,400,8,2,"gllvm_va",FALSE,FALSE,NA,NA,NA,NA,NA,NA,NA,NA,0,FALSE,"N/A: Family(families):  beta  not implemented with method ' VA ."
11409,400,8,2,"gtmb_va",TRUE,FALSE,0.0606022999558259,0.320060107617769,0.98720137769585,FALSE,FALSE,4.89536481882464,9.09472394600985e-05,NA,10.327,TRUE,"status=failed_health_gate"
11409,400,8,2,"gtmb_la",TRUE,TRUE,0.0592853825901604,0.398808093354725,0.844456938404215,FALSE,FALSE,4.80920205689971,0.000342812635395373,0.529466286462829,1.148,TRUE,NA
11409,400,8,2,"gllvm_la",TRUE,TRUE,0.050379218406184,0.706667559173201,0.332670757386314,FALSE,FALSE,4.82562545914568,NA,0.33048263993674,6.328,FALSE,NA
11409,400,8,2,"gllvm_va",FALSE,FALSE,NA,NA,NA,NA,NA,NA,NA,NA,0,FALSE,"N/A: Family(families):  beta  not implemented with method ' VA ."
11410,400,8,2,"gtmb_va",TRUE,FALSE,0.0489208310809296,0.259221622531895,1.61220689198385,FALSE,FALSE,4.96934431688652,2.90002269462963e-05,NA,9.81,TRUE,"status=failed_health_gate"
11410,400,8,2,"gtmb_la",TRUE,TRUE,0.049325523252645,0.263463785440468,1.47011503642852,FALSE,FALSE,4.85801560717893,0.000376307556151145,0.743202294462427,0.927,TRUE,NA
11410,400,8,2,"gllvm_la",TRUE,TRUE,0.0776876266894881,0.685243361412587,0.567294542715894,FALSE,FALSE,4.87484439602302,NA,0.461488954089234,7.229,FALSE,NA
11410,400,8,2,"gllvm_va",FALSE,FALSE,NA,NA,NA,NA,NA,NA,NA,NA,0.00100000000000477,FALSE,"N/A: Family(families):  beta  not implemented with method ' VA ."
11411,400,8,2,"gtmb_va",TRUE,FALSE,0.0567155651386558,0.233834103010789,1.19100584870207,FALSE,FALSE,5.12029137754763,8.07041713815071e-05,NA,9.623,TRUE,"status=failed_health_gate"
11411,400,8,2,"gtmb_la",TRUE,TRUE,0.0575989267935681,0.307197715321001,1.05772264374688,FALSE,FALSE,4.9404450524411,0.000344259300513183,0.612353714455228,0.968999999999994,TRUE,NA
11411,400,8,2,"gllvm_la",TRUE,TRUE,0.0937656025371628,0.690476969158098,0.412590963860636,FALSE,FALSE,4.96241743605489,NA,0.382147500691642,6.24300000000001,FALSE,NA
11411,400,8,2,"gllvm_va",FALSE,FALSE,NA,NA,NA,NA,NA,NA,NA,NA,0,FALSE,"N/A: Family(families):  beta  not implemented with method ' VA ."
11412,400,8,2,"gtmb_va",TRUE,FALSE,0.0630122136724408,0.304579064728568,1.61563714278813,FALSE,FALSE,5.08450916840273,5.68131078056144e-05,NA,9.97000000000001,TRUE,"status=failed_health_gate"
11412,400,8,2,"gtmb_la",TRUE,TRUE,0.063015944633744,0.29140352130296,1.5506497956151,FALSE,FALSE,5.04473048208573,0.000611335727658258,0.620953801703691,1.38099999999999,TRUE,NA
11412,400,8,2,"gllvm_la",TRUE,TRUE,0.0857702226577093,0.816238380826425,0.697932807380555,FALSE,FALSE,2147583.03290523,NA,0.741466208926718,14.785,FALSE,NA
11412,400,8,2,"gllvm_va",FALSE,FALSE,NA,NA,NA,NA,NA,NA,NA,NA,0,FALSE,"N/A: Family(families):  beta  not implemented with method ' VA ."
11401,1000,8,2,"gtmb_va",TRUE,FALSE,0.0298943923165325,0.273093901968904,0.906239097969487,FALSE,FALSE,5.17788297130549,0.000104100396001172,NA,53.549,TRUE,"status=failed_health_gate"
11401,1000,8,2,"gtmb_la",TRUE,TRUE,0.0303960306606409,0.29020098409678,0.75870193270443,FALSE,FALSE,5.05012847286538,0.000318329104349369,0.532363439643808,2.19799999999999,TRUE,NA
11401,1000,8,2,"gllvm_la",TRUE,TRUE,0.074449120043629,0.684859503445897,0.303606569625735,FALSE,FALSE,5.07831677628373,NA,0.342405128280991,30.792,FALSE,NA
11401,1000,8,2,"gllvm_va",FALSE,FALSE,NA,NA,NA,NA,NA,NA,NA,NA,0.00100000000000477,FALSE,"N/A: Family(families):  beta  not implemented with method ' VA ."
11402,1000,8,2,"gtmb_va",TRUE,FALSE,0.0428883932213781,0.123440179581091,1.99856427470697,FALSE,FALSE,5.04999171669299,0.00012624011080753,NA,50.747,TRUE,"status=failed_health_gate"
11402,1000,8,2,"gtmb_la",TRUE,FALSE,0.0428037541303831,0.121264244403041,1.9316412611659,FALSE,FALSE,5.01991291982174,0.00105958300641351,0.633482293087551,2.018,TRUE,NA
11402,1000,8,2,"gllvm_la",TRUE,TRUE,0.0600714359382449,0.624310019466771,0.735870254730787,FALSE,FALSE,5.02546156304764,NA,0.390650130038969,35.29,FALSE,NA
11402,1000,8,2,"gllvm_va",FALSE,FALSE,NA,NA,NA,NA,NA,NA,NA,NA,0,FALSE,"N/A: Family(families):  beta  not implemented with method ' VA ."
11403,1000,8,2,"gtmb_va",TRUE,FALSE,0.0261060789238137,0.170271679019305,1.34228528099307,FALSE,FALSE,5.09262299727814,6.75260488744861e-05,NA,50.201,TRUE,"status=failed_health_gate"
11403,1000,8,2,"gtmb_la",TRUE,TRUE,0.0263226229568238,0.134777790982017,1.24147756953726,FALSE,FALSE,5.03368334299961,0.000490483514310667,0.618780753540268,1.87899999999999,TRUE,NA
11403,1000,8,2,"gllvm_la",TRUE,TRUE,0.0698590305022521,0.725301357535958,0.410039511099548,FALSE,FALSE,4.78540865394145,NA,0.390297196066497,41.449,FALSE,NA
11403,1000,8,2,"gllvm_va",FALSE,FALSE,NA,NA,NA,NA,NA,NA,NA,NA,0,FALSE,"N/A: Family(families):  beta  not implemented with method ' VA ."
11404,1000,8,2,"gtmb_va",TRUE,FALSE,0.0245687757475563,0.169935356699384,1.14081965274004,FALSE,FALSE,4.97984699330549,0.000126377579529935,NA,54.356,TRUE,"status=failed_health_gate"
11404,1000,8,2,"gtmb_la",TRUE,TRUE,0.0265933165564556,0.238514534437089,0.987147724263515,FALSE,FALSE,4.80834632632588,0.000425979568027812,0.507133472497924,2.143,TRUE,NA
11404,1000,8,2,"gllvm_la",TRUE,TRUE,0.0720867401324532,0.727345805445015,0.358048151734595,FALSE,FALSE,4.6141804339715,NA,0.313982562012786,15.045,FALSE,NA
11404,1000,8,2,"gllvm_va",FALSE,FALSE,NA,NA,NA,NA,NA,NA,NA,NA,0.00100000000000477,FALSE,"N/A: Family(families):  beta  not implemented with method ' VA ."
11405,1000,8,2,"gtmb_va",TRUE,FALSE,0.0277885696914233,0.276456496227654,1.05310061287139,FALSE,FALSE,4.87007130125331,7.16006867976272e-05,NA,55.44,TRUE,"status=failed_health_gate"
11405,1000,8,2,"gtmb_la",TRUE,TRUE,0.0278114113737024,0.381206599606636,0.965760889583799,FALSE,FALSE,4.80375633744876,0.000531046746156782,0.568513227346295,3.48,TRUE,NA
11405,1000,8,2,"gllvm_la",TRUE,TRUE,0.060353981745748,0.723372437675194,0.371073522941318,FALSE,FALSE,4.78988831693886,NA,0.352837142261218,27.589,FALSE,NA
11405,1000,8,2,"gllvm_va",FALSE,FALSE,NA,NA,NA,NA,NA,NA,NA,NA,0,FALSE,"N/A: Family(families):  beta  not implemented with method ' VA ."
11406,1000,8,2,"gtmb_va",TRUE,FALSE,0.0250231622266778,0.194172278327565,1.15949721006541,FALSE,FALSE,5.0150883890929,7.14471998898986e-05,NA,50.025,TRUE,"status=failed_health_gate"
11406,1000,8,2,"gtmb_la",TRUE,TRUE,0.0253638200778994,0.236808403531229,1.05448906261897,FALSE,FALSE,4.94092146777986,0.000634249136681891,0.578088263623764,2.09,TRUE,NA
11406,1000,8,2,"gllvm_la",TRUE,TRUE,0.0731579559802945,0.777942268087964,0.347386290788487,FALSE,FALSE,4.77001755845393,NA,0.375637519727587,27.168,FALSE,NA
11406,1000,8,2,"gllvm_va",FALSE,FALSE,NA,NA,NA,NA,NA,NA,NA,NA,0.00100000000000477,FALSE,"N/A: Family(families):  beta  not implemented with method ' VA ."
11407,1000,8,2,"gtmb_va",TRUE,FALSE,0.0289038272178328,0.126606461571492,1.29741387588293,FALSE,FALSE,4.93890294658173,4.7881692813001e-05,NA,52.404,TRUE,"status=failed_health_gate"
11407,1000,8,2,"gtmb_la",TRUE,TRUE,0.0291675458380904,0.187349756979592,1.21662307880043,FALSE,FALSE,4.90127229771412,0.000601893221905292,0.553389754746389,2.08699999999999,TRUE,NA
11407,1000,8,2,"gllvm_la",TRUE,TRUE,0.0668284137804333,0.668371337565002,0.471368237243496,FALSE,FALSE,4.90982339957868,NA,0.343957214446725,38.046,FALSE,NA
11407,1000,8,2,"gllvm_va",FALSE,FALSE,NA,NA,NA,NA,NA,NA,NA,NA,0,FALSE,"N/A: Family(families):  beta  not implemented with method ' VA ."
11408,1000,8,2,"gtmb_va",TRUE,FALSE,0.0255980500672324,0.170360917076568,1.26575202528641,FALSE,FALSE,5.04492112407621,0.000114468921460636,NA,53.161,TRUE,"status=failed_health_gate"
11408,1000,8,2,"gtmb_la",TRUE,TRUE,0.0256475861210659,0.207452498375888,1.16781062791,FALSE,FALSE,4.96798251830093,0.000383109876836318,0.583751450053753,2.116,TRUE,NA
11408,1000,8,2,"gllvm_la",TRUE,TRUE,0.0734748366375917,0.677652105242933,0.456199287972509,FALSE,FALSE,4.98538292252617,NA,0.372114379317069,24.252,FALSE,NA
11408,1000,8,2,"gllvm_va",FALSE,FALSE,NA,NA,NA,NA,NA,NA,NA,NA,0,FALSE,"N/A: Family(families):  beta  not implemented with method ' VA ."
11409,1000,8,2,"gtmb_va",TRUE,FALSE,0.0391795974147889,0.193011150565948,1.13948459506529,FALSE,FALSE,5.17145797409784,0.000113982340877773,NA,54.59,TRUE,"status=failed_health_gate"
11409,1000,8,2,"gtmb_la",TRUE,TRUE,0.038351224852363,0.244155746608564,0.969775222331438,FALSE,FALSE,5.03496351369227,0.000685894448143376,0.597347349827477,1.92299999999999,TRUE,NA
11409,1000,8,2,"gllvm_la",TRUE,TRUE,0.060306940173498,0.713846199626209,0.348526679146748,FALSE,FALSE,4.91223611920897,NA,0.359519659290931,31.005,FALSE,NA
11409,1000,8,2,"gllvm_va",FALSE,FALSE,NA,NA,NA,NA,NA,NA,NA,NA,0,FALSE,"N/A: Family(families):  beta  not implemented with method ' VA ."
11410,1000,8,2,"gtmb_va",TRUE,FALSE,0.0297460210896462,0.10810584062599,1.74555919351605,FALSE,FALSE,4.96969558613821,9.46126285021887e-05,NA,53.533,TRUE,"status=failed_health_gate"
11410,1000,8,2,"gtmb_la",TRUE,TRUE,0.0297853788865703,0.131455596254492,1.64458363146961,FALSE,FALSE,4.93377245646588,0.000799716276429496,0.753647066196933,1.961,TRUE,NA
11410,1000,8,2,"gllvm_la",TRUE,TRUE,0.0624225186964615,0.64065040821646,0.628683296839786,FALSE,FALSE,4.93750078069626,NA,0.463533701824166,25.27,FALSE,NA
11410,1000,8,2,"gllvm_va",FALSE,FALSE,NA,NA,NA,NA,NA,NA,NA,NA,0.000999999999976353,FALSE,"N/A: Family(families):  beta  not implemented with method ' VA ."
11411,1000,8,2,"gtmb_va",TRUE,FALSE,0.0305194295118575,0.115701079733393,1.26651969045775,FALSE,FALSE,5.06413246155469,0.000233823026955404,NA,52.57,TRUE,"status=failed_health_gate"
11411,1000,8,2,"gtmb_la",TRUE,TRUE,0.0308923779489775,0.178824910118613,1.12664099250132,FALSE,FALSE,4.90221883175503,0.000275197232530777,0.577102338150825,2.17700000000001,TRUE,NA
11411,1000,8,2,"gllvm_la",TRUE,TRUE,0.0660273040372483,0.830119422201957,0.316091377603583,FALSE,FALSE,4.71810250976242,NA,0.333025422842367,38.626,FALSE,NA
11411,1000,8,2,"gllvm_va",FALSE,FALSE,NA,NA,NA,NA,NA,NA,NA,NA,0.00100000000000477,FALSE,"N/A: Family(families):  beta  not implemented with method ' VA ."
11412,1000,8,2,"gtmb_va",TRUE,FALSE,0.0346757329196057,0.174256437033304,1.49210146401489,FALSE,FALSE,5.17745063871166,0.000177097437617846,NA,51.881,TRUE,"status=failed_health_gate"
11412,1000,8,2,"gtmb_la",TRUE,TRUE,0.0346605736801248,0.186628008411219,1.42996737636649,FALSE,FALSE,5.13377503791823,0.000473669246340735,0.633532141435796,2.574,TRUE,NA
11412,1000,8,2,"gllvm_la",TRUE,TRUE,0.0630643535014547,0.67449837149498,0.532995290128095,FALSE,FALSE,5.03236765593702,NA,0.407486681840114,39.926,FALSE,NA
11412,1000,8,2,"gllvm_va",FALSE,FALSE,NA,NA,NA,NA,NA,NA,NA,NA,0,FALSE,"N/A: Family(families):  beta  not implemented with method ' VA ."
