"seed","n","p","q","arm","ok","beta_rmse","sigma_rel_frob","frob_Shat","sigma_trace","trace_ratio","sigma_collapse","sigma_runaway","secs","pass_abs","err"
11201,500,20,2,"gtmb_poisg",TRUE,0.0726123615560419,0.99999999949199,2.30076204768069e-09,2.51213590601786e-09,7.27750535285148e-10,TRUE,FALSE,51.538,FALSE,"healthy"
11201,500,20,2,"gllvm_va",TRUE,0.072612606752346,0.999999999822017,8.43036468754171e-10,8.46515565582171e-10,2.45230425035474e-10,TRUE,FALSE,1.889,FALSE,"ok"
11201,500,20,2,"gtmb_gh",TRUE,0.0788451227956987,0.425607761270568,3.06736057039328,4.28318685899583,1.24081325452715,FALSE,FALSE,77.496,TRUE,"healthy"
11201,500,20,2,"gtmb_la",TRUE,0.0786109357639534,0.41992522224854,2.99560501419771,4.1888694014152,1.21349005912334,FALSE,FALSE,14.417,TRUE,NA
11202,500,20,2,"gtmb_poisg",TRUE,0.060281071104527,0.999999999947441,3.48919811847643e-10,3.63392178773494e-10,1.21490557763143e-10,TRUE,FALSE,52.898,FALSE,"healthy"
11202,500,20,2,"gllvm_va",TRUE,0.0602804701049909,0.999999998641675,5.34216299415157e-09,5.42692800464547e-09,1.81434975416947e-09,TRUE,FALSE,2.05799999999999,FALSE,"ok"
11202,500,20,2,"gtmb_gh",TRUE,0.0757402709684093,0.575249004862046,2.92783618650458,4.01501797084253,1.34231500070546,FALSE,FALSE,84.047,FALSE,"healthy"
11202,500,20,2,"gtmb_la",TRUE,0.0736067240018474,0.540739684866543,2.83803465790935,3.88766691959006,1.2997385470773,FALSE,FALSE,16.799,FALSE,NA
11203,500,20,2,"gtmb_poisg",TRUE,0.0535884447036906,0.999999998047311,6.72195886858745e-09,6.96777046340944e-09,1.82528363908549e-09,TRUE,FALSE,52.016,FALSE,"healthy"
11203,500,20,2,"gllvm_va",TRUE,0.0535882830037012,0.999999999994693,2.41577108368577e-10,3.39335059679865e-10,8.88925282275561e-11,TRUE,FALSE,1.95999999999999,FALSE,"ok"
11203,500,20,2,"gtmb_gh",TRUE,0.0494421648501256,0.478233317394361,3.39224467620391,4.4987957313814,1.17850871913769,FALSE,FALSE,87.627,TRUE,"healthy"
11203,500,20,2,"gtmb_la",TRUE,0.0510943546271463,0.42600376823686,3.25329891391182,4.30414616412546,1.12751813723878,FALSE,FALSE,15.215,TRUE,NA
11204,500,20,2,"gtmb_poisg",TRUE,0.0383044033889279,0.999999999873316,4.95359698566399e-10,5.5419960549795e-10,1.89731757643033e-10,TRUE,FALSE,52.356,FALSE,"healthy"
11204,500,20,2,"gllvm_va",TRUE,0.0383050814804437,0.999999999999746,1.33182861225731e-10,1.33392058186409e-10,4.56671376237973e-11,TRUE,FALSE,1.621,FALSE,"ok"
11204,500,20,2,"gtmb_gh",TRUE,0.0427502557392181,0.502479205539713,2.32080912654804,2.95580530490284,1.011928067408,FALSE,FALSE,93.197,FALSE,"healthy"
11204,500,20,2,"gtmb_la",TRUE,0.0419334692574223,0.500176552603192,2.33455928309068,2.98835824270501,1.02307265510597,FALSE,FALSE,12.332,FALSE,NA
11205,500,20,2,"gtmb_poisg",TRUE,0.0652800812231357,0.999999999836991,6.70432156909193e-10,7.4900809568168e-10,2.34781903285006e-10,TRUE,FALSE,51.596,FALSE,"healthy"
11205,500,20,2,"gllvm_va",TRUE,0.0652793638858477,0.999999999908004,1.40722772675129e-09,1.40732570513181e-09,4.41136230032393e-10,TRUE,FALSE,2.077,FALSE,"ok"
11205,500,20,2,"gtmb_gh",TRUE,0.0658142256232944,0.53251051702533,2.33974148162487,3.2790806844034,1.027851112088,FALSE,FALSE,85.215,FALSE,"healthy"
11205,500,20,2,"gtmb_la",TRUE,0.0662844506534894,0.51818447463201,2.32809949181274,3.26952885220652,1.02485702249675,FALSE,FALSE,16.727,FALSE,NA
11206,500,20,2,"gtmb_poisg",TRUE,0.065249447151853,0.999999999809783,5.12323341932937e-10,6.9506924005992e-10,2.32276695230386e-10,TRUE,FALSE,53.017,FALSE,"healthy"
11206,500,20,2,"gllvm_va",TRUE,0.0652494559876529,0.999999999992198,1.29348184136207e-10,1.29528147049923e-10,4.32854285617329e-11,TRUE,FALSE,2.077,FALSE,"ok"
11206,500,20,2,"gtmb_gh",TRUE,0.0634900437890611,0.499033012926342,2.52452204370565,3.49071237294037,1.16651850960418,FALSE,FALSE,83.178,TRUE,"healthy"
11206,500,20,2,"gtmb_la",TRUE,0.0638472405398864,0.504122406880424,2.56247426082995,3.55022866247768,1.18640753108484,FALSE,FALSE,11.679,FALSE,NA
11207,500,20,2,"gtmb_poisg",TRUE,0.0445134657495548,0.999999999670709,1.4239399671767e-09,1.50460225848532e-09,5.07585841334713e-10,TRUE,FALSE,50.504,FALSE,"healthy"
11207,500,20,2,"gllvm_va",TRUE,0.0445132775409637,0.999999999680075,1.47217940416608e-09,1.52244116971715e-09,5.13603896083094e-10,TRUE,FALSE,1.90300000000001,FALSE,"ok"
11207,500,20,2,"gtmb_gh",TRUE,0.0420848826792621,0.571588108600618,2.61032969033261,3.65748927556376,1.23387410901446,FALSE,FALSE,83.885,FALSE,"healthy"
11207,500,20,2,"gtmb_la",TRUE,0.0419704986029216,0.548972503806382,2.54643074047569,3.57182651387496,1.2049753055482,FALSE,FALSE,11.709,FALSE,NA
11208,500,20,2,"gtmb_poisg",TRUE,0.0771673260204807,0.999999999780666,6.67582158070295e-10,8.0649884738716e-10,2.55101498946413e-10,TRUE,FALSE,53.324,FALSE,"healthy"
11208,500,20,2,"gllvm_va",TRUE,0.0771676217166065,0.99999999989589,5.87108987247667e-10,5.95296789942123e-10,1.882967395728e-10,TRUE,FALSE,2.22099999999999,FALSE,"ok"
11208,500,20,2,"gtmb_gh",TRUE,0.0880530808946757,0.53975173670017,2.96815413234632,4.11438792753073,1.30141106953902,FALSE,FALSE,78.027,FALSE,"healthy"
11208,500,20,2,"gtmb_la",TRUE,0.0883917410006096,0.506259039725606,2.88826768863692,4.01348379363333,1.2694943521246,FALSE,FALSE,12.53,FALSE,NA
